,0,1,2
0,522510258,俺が一郎,ヒプノシスマイク -D.R.B- (山田一郎)
1,522529202,センセンフコク,ヒプノシスマイク -D.R.B- (山田二郎)
2,522529203,New star,ヒプノシスマイク -D.R.B- (山田三郎)
3,1302091482,WAR WAR WAR,Buster Bros!!!
4,1302084513,IKEBUKURO WEST GAME PARK,Buster Bros!!!
5,1361007399,おはようイケブクロ,Buster Bros!!!
6,1361005667,Hoodstar,Division All Stars
7,1412001714,Break The Wall,ヒプノシスマイク -D.R.B- (山田一郎)
8,1411999899,School of IKB,ヒプノシスマイク -D.R.B- (山田二郎)
9,1412001758,レクイエム,ヒプノシスマイク -D.R.B- (山田三郎)
10,1384496555,Leave Em Alone,Quality Control
11,1901523638,Tell Santa,Tyga
12,18969202,Dark Fantasy,Kanye West
13,1325914866,Runnin,A$AP Rocky
14,27515156,High School,Nicki Minaj
15,27353713,Eastside LB,Twinz
16,1814065778,Havin My Way (feat. Lil Durk),Lil Skies
17,1459888396,Got It On Me,Pop Smoke
18,3494665,Braggin & Boasting,The Sound Providers
19,1458646350,Talk Back,Snow tha Product
20,1885063177,Flocky Flocky (feat. Travis Scott),Don Toliver
21,1892484054,MAFIA,Travis Scott
22,1892483441,ESCAPE PLAN,Travis Scott
23,1378511716,The Relays,Maxo Kream
24,34280323,Pornography,Travis Scott
25,1876360201,durag activity,Baby Keem
26,525278465,Saint Laurent Mask,Huncho Jack
27,1844725293,pick up the phone,Travis Scott
28,428591255,coordinate,Travis Scott
29,525278468,Where U From,Huncho Jack
30,30830919,Five More Hours,Deorro
31,1897542886,‘87 Stingray,Tory Lanez
32,1878097116,V12,iann dior
33,1899942112,FUK EM,SSGKOBE etc
34,407862766,Come and See Me ,PARTYNEXTDOOR
35,27339750,100 Bottles,Wiz Khalifa
36,1895565943,Bag Season,French Montana
37,1805265616,Options,EarthGang
38,442867526,Die For You,The Weeknd
39,5186977,Oh,Ciara
40,1856211434,ADMIT IT,Ski Mask the Slump God
41,1904208094,late at night,Roddy Ricch
42,1904208093,don’t i (feat. Gunna),Roddy Ricch
43,1904205454,thailand,Roddy Ricch
44,1453950214,- TalkToTha -,Dayytona Fox
45,1295179672,Numb & Frozen,Icy Narco
46,1887277134,Insure My Wrist (with Gunna),Young Thug
47,1357769763,That's A Rack,Lil Uzi Vert
48,1471945956,13 Going On 30,Fivio Foreign
49,461811740,Slip On A Banana Clip,$uicideboy$
50,1874158536,SAD,姜云升
51,1336866142,Lovemark,Ouse
52,1875759111,六耳,刘思鉴
53,1826394685,About You,Sik World
54,1821814307,fate & fairytales (with SayWeCanFly),Misplaced
55,1376831519,Selfish,ANTH
56,1322262405,you're gonna miss me when i'm dead (prod. iver$on),suisei
57,1823270591,讲个笑话吧,刘思鉴
58,1850180242,F*ck Love,Lund
59,1467081877,clip!,sadeyes
60,1404651686,Take Your Man,Mahogany Lox
61,1855286222,Get Into It (Yuh),Doja Cat
62,1873551682,no guidance,Ayzha
63,1821438554,So Pretty,Reyanna Maria
64,1368704646,Whip A Tesla,Yung Gravy
65,1311346021,Dip,Tyga
66,1829937441,She Make It Clap,Soulja Boy
67,1397626289,Cravin,DaniLeigh
68,1862710350,INDUSTRY BABY,Lil Nas X
69,1372783563,Woah,Krypto9095
70,1895848742,Free and easy,DoubleS.帥帥
71,1895499791,For my girl,吴思航
72,1377372456,范进,Rich UP
73,1377368938,探戈女孩,Rich UP
74,1812569160,LUV,Rich UP
75,1414379170,lollipop,Youngwest47
76,1840944083,反叛,DoubleS.帥帥
77,1354545295,sleepless night,Rich UP
78,1372598253,独(Lonely but not lonely)demo,DoubleS.帥帥
79,1353028163,♡HA NI♡,Rich UP
80,1821438553,No More Parties (Remix),Coi Leray
81,1348783672,i,Lil Skies
82,1294889050,Heartbeat,Childish Gambino
83,1319689214,My lil boo baby,Leek jack
84,1419169283,Diva,The Kid LAROI
85,1490285711,Losses,Lil Tjay
86,1862711867,Still Chose You,The Kid LAROI
87,1424649382,Intro (Extended Version),Brandz
88,1424400870,HEARTBREAK ANNIVERSARY,Giveon
89,1378055568,I.F.L.Y.,Bazzi
90,1423212003,vV,YX
91,1382592787,天空下着小雨,函几hanji
92,1867183963,暗恋,A1 TRIP
93,1400822070,ijustwannabeyou,李俊翔
94,1833894313,遇见我算是你背时,太帅了花
95,1863372292,沉陷/s'enfoncer dans,GS.L
96,1456522402,INLOVE,17ondatrack
97,1351564259,Lighting,李佳隆
98,1339562993,Hibernate（Prod.sᴏɴɢ）,Dayfly
99,1356527777,24/7,耀司匹林
100,1837094413,Хязгааргүй,Rokit Bay
101,1826322299,Харанхуй Ертөнцөөс,Rokit Bay
102,1411160321,Дуу муутай хүн,Rokit Bay
103,1411160317,Нэг өдрийн хаан,Rokit Bay
104,1411160318,Микрофоны ард,Rokit Bay
105,483732247,Эвдэрхий хүн,Rokit Bay
106,1366748833,Margaashgui (feat. Rokit Bay & Poc Dawone),Aka Odko
107,1411401909,Бор арьст гаамп,Rokit Bay
108,1366748831,Ai Ho (feat. Rokit Bay),Aka Odko
109,483732240,Сахилга сул,Rokit Bay
110,1449991556,DOLLAZ ON MY HEAD (feat. Young Thug),Gunna
111,516320081,Ric Flair Drip,Offset
112,1876212794,Shivers,Ed Sheeran
113,1436076578,COCO,Aioz
114,1847422867,好久不见,Lil Jet
115,1404906595,没有理由,杨胖雨
116,1851258433,风吹一夏,DP龙猪
117,1457248123,R&B All Night (Masiwei Remix),马思唯
118,1869728598,天上飞,李承铉
119,1415767465,Life Is Good,Future
120,1904556108,[FREE]Grace - Pop Punk Type Beat,Eee.T
121,1904441525,"【FREE】""浪 漫 星 际"" - Future POP BPM130 B Major",BECU BEATZ
122,1903268467,"City Funk Type Beat ""Boogie""",COAST MUSIC
123,1899402507,"Free Pop Punk Beat - ""Anywhere With U""",EVO MUSIC
124,1902943746,"""昨晚"" - BedRoom Pop & Indie Rock Beat",REVIVAL MUSIC
125,1902822267,"Dua Lipa Type Beat ""Fame""",SOULFRESH BEATS
126,1902643009,[Free] PLANETX01 (prod by YoungMarkin×Freeboy_YAN),YoungMarkin
127,1894017891,"【BEAT】""Rush""",王于婧Dopesniper.
128,1902229273,【FREE】告别（Pop/City Pop Type Beat）,Gr33nart Beats
129,1902202776,"[Free]""彩 虹 都 市""Funk/Disco&City Pop",ATTBEAT（ATTStudio星）
130,1891447896,New Tooth,Rich Brian
131,1396162013,I Love You 3000 II,88rising
132,1857317230,California (feat. Warren Hue) [Acoustic Live Version],88rising
133,1847504371,California (feat. Warren Hue),88rising
134,566442038,Who That Be (Josh Pan & West1ne Remix),Rich Brian
135,1489301237,Love In My Pocket (Weird Genius Remix),Rich Brian
136,501214296,Gospel (Wells Remix) ,Keith Ape
137,1336871303,Glow Like Dat (OHEY Remix),OHEY
138,1473606561,Don't Care,Rich Brian
139,1473603736,When You Come Home,Rich Brian
140,1494578689,Doggie-未接来电1.0（TansyStar星星 remix）,TansyStar星星
141,1828884515,Blue Song,Doggie
142,1824973849,ACE 2021 CYPHER,Doggie
143,1808281999,小故事1.0,Doggie
144,1492869585,早点睡觉,Doggie
145,1489282800,Keep It,Doggie
146,1484666210,No Rain,Doggie
147,1399927775,未接来电1.0,Doggie
148,1474845873,KING,Doggie
149,1370764788,Back 2,Doggie
150,1455101010,GALA,99 God
151,1853988796,FLIGHT MODE,99 God
152,1869161122,all the suckers DIE (feat.99God),小安迪LilAndy
153,1837719923,Bodega,99 God
154,1829828597,和你匹配,阿斯巴田ASPT
155,1875727363,LOVE U DAY AND NIGHT REMIX.,Zolo Y
156,1866198314,panda remix,遗忘就遗忘吧
157,1863644023,Dumb,学校男孩kK
158,1843465312,三点半的影子和自己（Prod by veezy),零星
159,1858142557,DASH GO,wweimm
160,1821098098,情 绪 售 卖 铺,MEGA
161,1875580642,[FREE] 秋,MEGA
162,1497887458,"""Dead President"" 即兴伴奏 Oldschool(Prod.CHB)",Crystal Hitboy
163,1825254164,"""Freaky"" Cardi B Type Beat (Prod.CHB)",Crystal Hitboy
164,1894338838,"[FREE] ""Promise"" TrapSoul R&B Beat",Crystal Hitboy
165,1897677726,"[FREE] ""STFU"" Pooh Shiesty Type Beat",Crystal Hitboy
166,1326538858,[FREE] 别走了,Red killer
167,1333708485,[FREE] 活着的意义,Red killer
168,1392705090,[FREE] 901 90s x Boom Bap Type Beat,Red killer
169,1365209762,[FREE] Come on,Red killer
170,1494020899,让我给你买包烟 (Live),脏手指 Oh! Dirty Fingers
171,1494530372,BonAppétitXいただきます,zxd主
172,1384330676,idontwannabeyouanymore,pxzvc
173,1422212905,rec,mixed matches
174,1396465718,Love (prod by.Rainbow-T),JEIWHY
175,1448289735,IRIS,blackwinterwells
176,1428738831,愛只是被製造的回憶 [+hoodwtch],iso punk
177,1441704754,shinewannamé,michiyo
178,1461158543,Y? (prod.金桔）,深水29
179,1460910468,tetrapod,madmash
180,1902270026,NO CASE,Lil Zk19
181,1899159167,为你写首Melody，谁叫你如此美丽,Lil Zk19
182,1897433373,Lonly world (双鱼座),Lil Zk19
183,1893658492,IN MY WAY,LilKok1
184,1892890652,坏,Lil Zk19
185,1887551929,消逝的日子,Lil Zk19
186,1884527303,Crazy Girl,BLUEYES
187,1883161389,伤了我的心(freestyle),Lil Zk19
188,1881224897,Mood Swing,Lil Zk19
189,1854900645,随身听 PT.1,Lil Zk19
190,1851258433,风吹一夏,DP龙猪
191,1394994862,HIGHEST IN THE ROOM,Travis Scott
192,1498066118,Young Boss 2.0,Lambert
193,1373097027,Panini,Lil Nas X
194,1859245776,STAY,The Kid LAROI
195,1319805087,Money,Cardi B
196,1812112147,Goosebumps (Remix),Travis Scott
197,1374617481,Pure Water,Mustard
198,1355292203,上学威龙,法老
199,482056804,高，还没富，但帅,Ty.
200,1902396986,她喜欢喝旺仔，要给她一箱一箱买,Tiam
201,511332133,Lie,NF
202,34229234,"i hate u, i love u (feat. olivia o'brien)",Garrett Nash
203,1872095376,烙印,YangYang
204,1819036135,Calling My Phone,Lil Tjay
205,1382830142,假装,姜云升
206,1811408619,关机又关机,YangYang
207,1306507078,Can We Kiss Forever?,Kina
208,573001263,浪味仙,百川Rebellious
209,1426233208,痛快,Aioz
210,1875434908,[Free] 路的尽头（Inst.Prod by ANGER ),MoonVibe Beatz
211,1895040515,梦幻【Free beat】,老森 Sen
212,1879056318,[FREE]逆风翻盘,房间里的大象
213,1881443588,"[Free]"" Find you """,Asianboi
214,1333708485,[FREE] 活着的意义,Red killer
215,1887055644,【Free】鬼叫（Prod.by NOBADINO）,NOBADINO
216,1363773487,「FREE」Salute,G.Ladio
217,1366182524,「FREE」西海岸风随便做的也不知道起什么名字听就完事了,G.Ladio
218,1884831565,【Free】以和为贵（Prod.by NOBADINO）,NOBADINO
219,1426537784,37℃,BLACKFAT洪汝超
220,1904187492,好想,林可心吖
221,1434282012,讲个故事,奕南
222,534542490,奴隶,Jony J
223,1886371887,忘了没,Jony J
224,1886366521,山脚,Jony J
225,1805842261,欢迎光临,Jony J
226,1886371885,没你也能活下去,Jony J
227,1886366510,梦寐以求,Jony J
228,1336866718,K.C.G.风暴(Prod. by Double K),嘻哈融合体
229,1887917182,浪漫主义,姜云升
230,1898922291,Lil Baby x Lil Durk Type Beat ~ Family,Raymone
231,1898433797,[Free]''Chosen''-''NBA Young Boy Type Beat'',Roccky
232,1896190907,[Free]''HoodLuv''-''Toosii x Polo G Type Beat'',Roccky
233,1897946281,"(Free) NBA x Toosii Type Beat "" FaceTime """,War
234,1893814845,"[Free] Lil tjay x Rod Wave Type "" Vision """,War
235,1890339537,"[Free] Lil Tjay x Polo G Type "" Hurt Feelings """,War
236,1901447182,Option(Drake type beat),BooMeRang
237,1886809472,Vision,BooMeRang
238,1889988606,"[Free] Lil Tjay x J.I. Type Beat "" Escape """,War
239,1869996237,"免费-""命中注定""_ Drake X Lil Tjay Type Beat_",tired
240,1849998058,22秒,Aioz
241,488249475,哪里都是你,队长
242,1869943939,篝火旁（再启程）,吕大叶
243,1432968475,独行侠+爱如潮水（remix）,sea蕊
244,1481100310,70% (Live),GALI
245,1832088781,完美降落,胡期皓
246,1501420863,请勿打扰,Jony J
247,1877996649,危险派对,王以太
248,1387581250,MOM,蜡笔小心
249,1827600686,还是会想你,林达浪
250,1894639036,落地窗,老番茄
251,1329941847,我也喜欢你的女朋友 (i18版),脏手指 Oh! Dirty Fingers
252,523251194,Diaosita,脏手指 Oh! Dirty Fingers
253,521493347,我也喜欢你的女朋友,脏手指 Oh! Dirty Fingers
254,1837817434,我想有个家,脏手指 Oh! Dirty Fingers
255,1368996221,扎辫,蛙池
256,1409201828,我要你的命,黑色收音机派对
257,1331008293,一千个失聪听众,柳爽
258,459198245,致我们终将离开的校园,小肆
259,1444156117,有你就足够,艾诗雨Sherry
260,1450775226,Chosen 3300,Mula Sakee
261,1409578905,**** my life (Prod. chillingcat),KenRobb
262,1491229146,心中的雪,TOYOKI
263,1823760593,I GOTTA GO,TOYOKI
264,1868511231,南辕北辙,SETI
265,1846076384,情网,SETI
266,1491229124,爱痕,TOYOKI
267,1491228457,安静,TOYOKI
268,1491228444,晴天,TOYOKI
269,1423041961,听说你在想我,KIV
270,1391666792,FADED,王嘉尔
271,1391665603,TITANIC (feat. Rich Brian),王嘉尔
272,1391666791,BAD BACK (feat. GoldLink),王嘉尔
273,1391665598,UNLESS I’M WITH YOU,王嘉尔
274,1805527509,눈누난나 (Live),Jessi
275,1888637738,KO（feat. 王嘉尔Jackson Wang）,XXXL
276,1366748981,Bruce Lee (Prod. Fader One),Al Rocco
277,1431866827,100 Ways,王嘉尔
278,1391665592,ON THE ROCKS,王嘉尔
279,1391666781,DWAY!,王嘉尔
280,139547,双人舞,潘玮柏
281,1325896427,喽啰,Jony J
282,1296583188,星球坠落 (Live),艾热 AIR
283,1876182023,生而为人总错过,王以太
284,1296419802,HUSTLE,陈梓童
285,1302066405,顶天立地(Live),艾热 AIR
286,399354057,Drops,FKJ
287,431855964,听,方大同
288,1300287,Stan,Eminem
289,1446218812,Levitating,Dua Lipa
290,1903876057,先说谎的人,h3R3
291,1827600686,还是会想你,林达浪
292,1851652156,忘不掉的你,h3R3
293,1443838552,他只是经过,h3R3
294,1354504985,无感,江辰
295,496370620,断线,Shang
296,534542490,奴隶,Jony J
297,1357816155,失忆症,鬼卞
298,1387183835,她不是,BigYear大年
299,523251474,说散就散,艾福杰尼
300,1894363167,暴雨后,Flashbabeboi
301,1860013392,Die At 24,RaRe-Z
302,1856553644,曾经的你（Prod EVOMUSIC）,Mayer
303,1882600638,TSUNAMI PROD BY NORESTFORMONKEY,Freakwave
304,1874814149,真嘞假嘞（Prod by jody),Jello
305,1431409392,"Froggy-""郑州下雪了，你不在我身边""（remix JELLO）（Jello remix）",Jello
306,1881273251,郑州下雨了 我累了（Prod by inf）,OBITO
307,1878928300,中,大葫芦棒棒
308,1497343557,Froggy-郑州下雪了，你还没有我（Lil Snake小蛇 remix）,Snakeboi小蛇
309,1873217112,郑州城地下,Lil邦邦
310,1891693303,Dil Aramim,10Yil
311,1871417312,YANE,Sirkul
312,541039368,Addi Adem,Sirkul
313,1865240731,Yalgan,Rangsiz
314,1366124924,BLACK IN BLACK,10Yil
315,1861313055,PRETTY GIRL,Zabibullam
316,35566252,Kat Kin,Eriya
317,1427191229,ARIYETKE BIRIPTU,Zabibullam
318,1356795551,MTT PIG,Sarkar
319,1342807978,San Kimga Tawa（你属于谁）,Ghayrat Mahmut
320,541463428,made in china （remake ）inst.,lilrain inda house
321,1388209788,shanghai*YOUNG13DBABY type beat,misogyny
322,1820563617,眼中钉-Trap,刘建国LilJianGuo
323,1296433635,TH,YAN
324,1370955863,"【FREE】""哈 哈 哈 哈""-Moombahton Tropical House",BECU BEATZ
325,1299960360,Sad! (Instrumental) // Reprod By 9Zi,9Zi
326,1373452888,"【FREE】""Fluoxetine"" (Lil Peep Type Beat)",9Zi
327,1340362378,【FREE】''SORRY'' (Juice WRLD & Lil Peep Type Beat),9Zi
328,1395027140,你是我蓝色世界里黑色的云,HZ.MY
329,1409766811,“WHY DREAM”-Emo Trap beat,Ifeelbetter
330,1470753528,回复,0-100
331,1499878214,深夜随笔,FOX胡天渝
332,1884596485,曾经我也想过一了百了,林志炫
333,1845632615,Cherries,Dawin
334,1395977301,No I in Team,Arizona Zervas
335,1381791666,脱离,沙一汀EL
336,1359507281,逍遥游,Hayrul海力
337,454698657,迷途羔羊,张震岳
338,1378061994,变相怪杰,Lil Wen
339,1397674264,偏爱,Lil Ghost小鬼
340,465721397,亲密爱人2017（feat. 酷癌）,法老
341,1384527426,不得不爱,Lambert
342,1408941731,R&B All Night,KnowKnow
343,29829353,Can't take my eyes off you,满舒克
344,1462875618,不怪她,HARIKIRI
345,1395632515,MY BOO,KEY.L刘聪
346,542691145,想把你留在这里,Tizzy T
347,1404906595,没有理由,杨胖雨
348,28830157,莫名我就喜欢你,C-BLOCK
349,430793721,当妮走了,徐真真
350,1821696547,ZAZA,6ix9ine
351,1313744568,KICK,Jimilian
352,1329612764,KIKA,6ix9ine
353,1446630021,Gooba,6ix9ine
354,1454566946,TROLLZ (with Nicki Minaj),6ix9ine
355,551970086,BILLY,6ix9ine
356,1829880207,朝九晚五,Ty.
357,1379907700,带刺的玫瑰,Ty.
358,543988605,母老虎,Ty.
359,1384569265,喂 (Live),雾都L4WUDU
360,1413863166,想去海边,夏日入侵企画
361,1819036135,Calling My Phone,Lil Tjay
362,1456890009,Follow（罗生门）,梨冻紧
363,1362624611,夜行2.0,队长
364,1846292840,爱情慢慢来,Stake
365,488249475,哪里都是你,队长
366,1405350074,从 银 河 中 心 闪 现 回 你 身 边（Flash）,袁诠UN1K
367,1345476518,带你乘坐火箭飞向蓝色星球的海滩（Feat. 刘炫廷）,LOBO
368,1473806154,Summer Love,XMASwu
369,1500757253,智者不入爱河但我是小笨蛋,拽丶柏少
370,1854365095,IM RICH NOW *****!,Dro Kenji
371,1872595803,Heart On My Sleeve,Tommy Ice
372,1437268587,Memphis,AG Club
373,1890275664,Tell Me,Corbin
374,1469151856,DYNAMITE,MOBILE PRO
375,1874787687,MONEY ON ME,Lil Tecca
376,1878834637,ITACHI,whiterosemoxie
377,1427804805,My Only Chance,The Toxic Avenger
378,1293894463,Rotation,Nakala
379,1803659668,trix (Remix) [feat. Baby Smoove],whiterosemoxie
380,1467479613,小熊维尼寻爱记,方续Cuz
381,1464836695,you are blue,方续Cuz
382,1890772383,穿越时空杀掉我,方续Cuz
383,1464772035,一场大雨把我们困住,方续Cuz
384,1482207373,失踪,方续Cuz
385,1850321305,你和周杰伦都在我梦里 (Demo),方续Cuz
386,1877180002,侵蚀,方续Cuz
387,1483553812,烟火过境,方续Cuz
388,1460345169,塌陷,方续Cuz
389,1464578198,今晚的夜空没有星星,方续Cuz
390,554244188,我的心里只有一件事情那就是学习,罗小黑
391,1458266311,高考磨练,FK Boom_B
392,429459389,背水一战,RAPPER32
393,1352544870,I Wish,Tom MacDonald
394,532152440,诗歌鉴赏课堂笔记,翎人祭酒
395,1355298690,高三,方仔Rich John
396,1366578336,胜利（The Win）,SMK
397,1351046073,冲！,GAGa.
398,1426828806,你对你的潜力一无所知,JERRYZ
399,1300594121,追梦 (Live),满舒克
400,1450030919,忏悔录,RICH TOM
401,1424525039,所以要你亲口承认不爱我了有这么难吗,LuluSweety
402,1424525047,祝你在没有我的日子里彻夜难眠,LuluSweety
403,1341803219,分 手 日 记,白叔
404,1370437790,能不能给我打通电话,Credit
405,525086802,love9,江辰
406,1321090459,992,橙汁
407,1425898822,不断Part2（h3R3 remix）,h3R3
408,1500543485,我知道我错了（prod.yusei ft vict molina）,暴躁的兔子
409,1434780684,舔狗日记,Cc
410,1498629710,冰可乐,盛宇DamnShine
411,1383954630,Hey KONG,KEY.L刘聪
412,1834075703,无赖,功夫胖KungFuPen
413,458943753,♡,Yee
414,410715765,Mr.Boring (Clean Version),西奥Sio
415,1372035141,CEO,派克特（PACT）
416,542372833,给传奇的信,鱼头_killa4nia
417,1311345090,UPUP,CREAM D
418,41633092,旅行,Dirty Twinz
419,475516729,致美联航 (ft. Shen),直火帮 Straight Fire Gang
420,1887917182,浪漫主义,姜云升
421,1414783972,你一定能够成为你想要去成为的人,姜云升
422,1446872689,宅,姜云升
423,1856802576,姜鸽-无题（翻自 姜云升）,今晚一定早睡
424,1857861205,神明（翻自 姜云升）,DDDDDz
425,1848204642,Best Friend (Remix) 好朋友,A Few Good Kids Records
426,1849277255,接电话（翻自 姜云升）,Morty___D
427,1859948021,姜云升 - 神明かみ,风寝
428,1358276770,真没睡,姜云升
429,1874158536,SAD,姜云升
430,1818613217,放心的交给我,EDA
431,1812652393,玲,EDA
432,1423158078,桃子苏打加冰,迪迪
433,535761231,爱人Remix,Bacup八杯
434,1313321629,珍珠,RA
435,1333395577,夜行,队长
436,1334499416,宝贝快睡,BigYear大年
437,454556889,你说,李迦南Doc
438,1329772510,没有人的沙漠,SHARK卫彬月
439,1374086946,放个大招给你看,永彬Ryan.B
440,1903712106,SAUCE,yimkimlim
441,1485939891,NINETEEN,Young 24
442,1449870003,凶手,Young Drug
443,1407836036,我,Y0oJa
444,1384897951,mango,Y0oJa
445,1446431088,Owe (prod by 毒猫毒猫）,Young Drug
446,1460082056,Jumped Into the Abyss,Y0oJa
447,1492388852,KnowKnow-你（₩ay remix）,Way
448,1418441481,BITEME,Y0oJa
449,1481223344,燃点{Prod房间里的大象},是烟尘_
450,1874240243,反抗（live）,朝雏磔人
451,1884633460,谢谢你们喜欢我,姜小白
452,1884821578,狂欢-姜云升,潦草诗
453,1888423650,尘埃落定-姜云升,潦草诗
454,1872228447,赐我（原版）,潦草诗
455,1888424139,做自己-姜云升,潦草诗
456,1892612897,姜云升今晚月色真美,愫
457,1855280246,LBCx-浪漫主义小h歌（ahua啊华 remix）,ahua啊华
458,1872233161,你在乎钱还是我（翻自 姜云升）,潦草诗
459,1887917182,浪漫主义,姜云升
460,529987424,King's Dead,Jay Rock
461,1382881227,I C Your ********,Snoop Dogg
462,1415767465,Life Is Good,Future
463,29753125,Problem,Ariana Grande
464,1492523045,Yummy,Justin Bieber
465,2113869,Dance,50 Cent
466,3243293,Forget Me Nots,Patrice Rushen
467,1475791050,Boys,Lizzo
468,415793860,GOOD BOY (Live),GD X TAEYANG
469,1472192594,In n Out,Latto
470,1498066118,Young Boss 2.0,Lambert
471,1501467758,orange peel,RXNIN
472,1899702691,独白,#0000FF
473,1459232593,But U,NINEONE#
474,528094899,My Hot Girl,Gibb-Z
475,862460559,Beautiful,IAN-T
476,488249475,哪里都是你,队长
477,1825517848,今 天 想 我 没,久木
478,1446396353,in the mood,梁老师Tsong
479,1388594935,No Princess,暴躁的兔子
480,1382592787,天空下着小雨,函几hanji
481,1854594781,禁止恋爱,Awe
482,1413522653,H.,李子豪(HtFR)
483,1436076578,COCO,Aioz
484,28830157,莫名我就喜欢你,C-BLOCK
485,1890983702,专一,au-is
486,1894065139,草莓冰淇淋Strawberry Ice Cream,YaoZhaoke
487,497034035,陪着你走,Gibb-Z
488,1402845091,你想去哪里我都陪你 (Jerry Sprunger Remix),马思唯
489,1313492530,你算哪块小饼干,扬科YANGK
490,29732095,"She Twerkin (feat. Cash Out, Lil Boosie, Juicy J & Ty Dolla $ign)",KiD Ink
491,1325114829,Toot That Whoa Whoa,A1
492,1487048444,면회실,Loco
493,1499595999,Better,BoA
494,1845740923,Advice,泰民
495,1499319921,음 (Mmmh),KAI
496,1836823278,Don't Call Me,SHINee
497,1482090513,Uproar,Lil Wayne
498,1472667833,Ain't It Different,Headie One
499,1397140986,Big Booty (feat. Megan Thee Stallion),Gucci Mane
500,486111543,7538(Me U-Remix),KT
501,451169473,骗自己PT.2,AY楊佬叁
502,1415829224,零几年听的情歌,AY楊佬叁
503,1487528112,经济舱 (Live),Kafe.Hu
504,1811408619,关机又关机,YangYang
505,1308818967,飘向北方 (Live),那吾克热-NW
506,1370506591,第七代（翻自 Untypical Context） ,刀刀
507,1378361115,MGK-打狗棒（大狗diss）（Double$ remix）,刀刀
508,462565213,谢谢你,Mc光光
509,1362172653,swag shxx,Mc光光
510,518180316,Go Hard,Scott Chen
511,1853255028,【FREE】''战舞‘’,FireX
512,1853259080,【FREE】‘’暴风雨‘’,FireX
513,1848450484,''烈日灼心'',FireX
514,1843065062,【FREE】''VVS'',FireX
515,1841081858,Blue cheese,miller
516,1832962207,''南瓜陷阱'',FireX
517,1832495572,【血色钻头】DRILL TRAP BEAT,Lil Nickle
518,1830689079,"G.O.O.D. (prod. IBM, miller)",Internet Beats Mob
519,1830231111,【FREE】''Feathers'',FireX
520,1902070004,MUMKIN EMAS忘记你是不可能的,AlimjanAbdurezak阿力木江
521,26118064,紅三四郎,堀江美都子
522,4880738,Into the Battlefield,大坪直樹
523,5051245,Battle Without Honor Or Humanity,布袋寅泰
524,22691884,Destiny -太陽の花-,島谷ひとみ
525,1846172362,ミライ,L'Arc〜en〜Ciel
526,1840862630,もう少しだけ,YOASOBI
527,536622304,Lemon,米津玄師
528,592049,春の風,熊木杏里
529,26018418,風の記憶,熊木杏里
530,1327824730,了解一下,AY楊佬叁
531,1426022013,黑马王子,马思唯
532,1395813260,宝贝我不渣,BigYear大年
533,1498832206,透过双眼,Seven-A
534,1298219148,你的前男友,Young 7
535,1479267454,银河赴约,梁坤
536,1473623862,送给一万两千公里外的你,函几hanji
537,1498385016,什么叫做白日梦你真的不懂,驼儿
538,1460874108,城市日记,BigYear大年
539,1478381001,外套2.0 (Live),mac ova seas
540,1874082373,醒醒别做梦,EDA
541,1836902063,Teen,YeeN1ng
542,1836563316,浪漫特调(Could you),Laxy
543,1812652393,玲,EDA
544,1803892407,随便玩(Prod by 9zi),FreeCookie
545,1493474588,马里布(MALIBALI),ABLE
546,1818504124,红包（Red Packet）,ABLE
547,1817365909,水晶球(Crystal Ball),ABLE
548,1816351424,love hurts,郁未尽YBZ
549,1815183348,抑郁未尽,郁未尽YBZ
550,545350946,changes,XXXTENTACION
551,1426775937,Who,Lauv
552,16435049,Someone Like You,Adele
553,1861602575,봄비,SINCE
554,1845777606,SUN GOES DOWN,Lil Nas X
555,1489939130,Yea Yea Yea,Skrxlla
556,1470632839,Honey!,Tabber
557,1342552171,Boiling Point (Prod. by 0channel),PUNCHNELLO
558,1856719868,PACIFICA,Oliver Dodge
559,1849669210,LOST,Khakii
560,1437344553,elegance+++lilac,yandere
561,1883441017,"Free Sad Piano Type Beat - ""Zombie""",EVO MUSIC
562,1903436321,"[Free]""Papaver "" - Future Type Beat",BirdS
563,1483882302,[Free]Annihilated Fire (prod.YoungMarkin&Bvlloon),Bvlloon
564,1864459907,"""999"" - Juice WRLD Type Beat",RYE31
565,1857328211,‘免费’丨Always（Prod by UNIVERSE 444）,UNIVERSE 444
566,1844446203,[Free]''RUNAWAY'' - iann dior X guitar type beat,Rick1y
567,1384000529,"「FREE」""Soda""",Mocookie
568,864361601,"[Free]""get bombed""(Prod. by Song9)",SOULFRESH BEATS
569,1379899712,[FREE] Walk - Smokepurpp x Ronny J type beat,CA$HK!D
570,533259686,BINGBIAN病变（原版）,Cubi
571,488249475,哪里都是你,队长
572,460578140,感谢你曾来过,周思涵
573,430793721,当妮走了,徐真真
574,1830753420,想你想你想我(抖音版),苏甜
575,496370620,断线,Shang
576,1434962352,就此别过,阿林
577,1363205817,你走以后1.0,王恩信Est
578,1347743357,最後一次,高尔宣
579,1340620864,真的走了,徐真真
580,420401441,嘲笑声,Big Daddy
581,471327844,继续,IIYC
582,1386259535,飞,王恩信Est
583,440241201,追梦的蚂蚁,JAEFOREAL
584,518725853,篝火旁,吕大叶
585,447846372,I wanna (Everlasting Truth Remix),ivan蛋挞
586,503324868,一路同行,mc暴徒
587,420397447,我就是我（路慈航 feat.张小雨）,合肥MTS
588,492883034,How are U,NaCho
589,429459389,背水一战,RAPPER32
590,1827059566,空壳,谢帝
591,1429588479,ak final,叫我AK
592,501529541,嗯哼?,丸
593,1354081533,糜烂,KANG
594,1453607421,葬,89DX
595,541648644,颓,九块钱
596,445154882,三千里,C-BLOCK
597,1456890009,Follow（罗生门）,梨冻紧
598,1429392677,花开,Copy
599,1304827183,十万块,斯威特MCSWEET
600,532779053,伤肺女孩,苏帕西
601,1405892289,垮掉的一代,未来星B3Rich
602,1479388470,日落时分 (Sunset),黄鹄举
603,1311751378,早安和你,WTM西瓜
604,1474172653,一字千金,3Bangz
605,1464575381,爱像蒲公英,88LIEN
606,1497575214,破衬衫,巴邓顿珠
607,1454166475,Sunflower,Yez叶子铭
608,1822070829,GLORY,邓典果DDG
609,1464970535,High $ociety,Don Caine $aint Laurent AK 东晓
610,1863124059,狂欢泡泡,Kyra Zilver
611,1857272901,2045 (BENZO REMIX),LEGGO
612,1857272913,NOVA,LEGGO
613,1857210297,Matrix,Fcyco
614,1847485734,DonQ,Kyra Zilver
615,1810308834,I/O,艾瑞欧ERIOE
616,1843000572,WooStyle(無風格) (Live),Kyra Zilver
617,1826189040,Beautiful Life,Mai
618,1826189042,"Like this,Like da",Mai
619,1826189043,Stone Heart,Mai
620,1480444209,in the mood,方方土
621,1456890009,Follow（罗生门）,梨冻紧
622,1313107926,攀登 (Live),潘玮柏
623,1487528112,经济舱 (Live),Kafe.Hu
624,1308818967,飘向北方 (Live),那吾克热-NW
625,518682659,泡沫（Swang Remix）,Swang多雷
626,1383954630,Hey KONG,KEY.L刘聪
627,1823305772,Promise,HARIKIRI
628,1336856498,我想part2,法老
629,1459439332,通宵,直火帮XZT
630,1897945580,[FREE]警报,MEGA
631,1885117312,霓虹,MEGA
632,1871950902,"【FREE】""绝对防御""BoomBap SMTM Type Beat",MEGA
633,1898161381,【Free Beat】'On a Mission',SAXON
634,1898144770,[FREE] '' All Love '' Lil Durk × Polo G Type Beat,海森堡Heisenberg
635,1895926785,[FREE]枪烟,MEGA
636,1895926694,[FREE]玫瑰,MEGA
637,1886068632,Waiting,MEGA
638,1885117138,"[FREE]""Journey""POP/R&B Type Beat",MEGA
639,1892824227,[FREE] Beat '' Go Off '' 160BPM,海森堡Heisenberg
640,1859933792,幸运儿,李尔新
641,1363561885,I Don't Care Freestyle,Mengzi
642,1441097880,¥ FREESTYLE,ATM顶级玩家
643,1394369626,4REAL,Mengzi
644,1361002245,唐伯虎,Mengzi
645,1361002221,金足印象,Mengzi
646,1824266338,该睡的睡 该醒的醒,Ty.
647,1378141820,禁止通行,YOUNG
648,1361001352,Love In Deep,Mengzi
649,1411763880,朋友,ATM顶级玩家
650,1888701651,[Free]''Too Late'' - Pop Punk/Rock x MGK Type Beat,Rick1y
651,1864704527,-Beat-Cry pop punk beat MGK x jxdn type.,jos10
652,1899402507,"Free Pop Punk Beat - ""Anywhere With U""",EVO MUSIC
653,1898695885,[FREE]''Glow'',jos10
654,1895602160,"""暴雨"" // TOYOKI × Mac Ova Seas type beat",Xxankid
655,1894705200,[FREE] 广州,XVIBE
656,1865959165,-Beat-Stars pop punk beat 347aidan x jxdn type.,jos10
657,1813831359,【FREE】mgk x juice rock type beat,ABAYBAY
658,1895100901,[NOT FREE] w Hook ''Nov Rain'',jos10
659,1898189254,[Free]''一点也不好'' - Pop Punk/Rock x MGK Type Beat,Rick1y
660,523249337,独行侠,法老
661,1827059544,BOSS,谢帝
662,1335715032,Only U,ICE
663,1347134784,高级爱情故事,Ty.
664,1419843365,厦门航空,八口8uck
665,1368588649,AYO！FEVER,AYO!
666,1311347322,Unicorn (Live),Lil Ghost小鬼
667,864829445,四驱兄弟4MaticBros 2018 Cypher,3Bangz
668,1349764553,听汀,沙一汀EL
669,1432491214,早点早点,沙一汀EL
670,1426022018,花花公子 (feat. step.jad),马思唯
671,1887917182,浪漫主义,姜云升
672,1876818680,C.HØPE-沉沦与遐想+花太阳彩虹你+花花公子（DJ Boen remix）,DJ Boen
673,1492584510,沉沦与遐想,C.HØPE
674,1895330088,予你,队长
675,1860542604,苦茶,火鸡
676,1844448537,可能,队长
677,1838763739,trust me,sunkis 宋秉勤
678,25706282,夜空中最亮的星,逃跑计划
679,1836086844,和你 (Live),Lil Ghost小鬼
680,1870330890,K.Dawn-flexroom（by higher singing）（开心就好 remix）,开心就好
681,1453492473,Never Fade Lotus,404 RAPPER
682,1404479816,你耍不来,Melo
683,1847059460,backbone,404 RAPPER
684,1408930588,POUR IT UP,404 RAPPER
685,1403510842,HANGSHI,KnowKnow
686,1827059566,空壳,谢帝
687,554893281,Workin,听歌（持续更新）
688,554106987,money talk,听歌（持续更新）
689,1339169930,Holda Me,Voice N Barz
690,1815928228,Lamborghini Mirrors,Lil Durk
691,1902203827,Young Stunna,Youngboy Never Broke Again
692,1902202972,Alligator Walk,Youngboy Never Broke Again
693,1902202970,Choppa Boy,Youngboy Never Broke Again
694,1902203825,100 Rounds,Youngboy Never Broke Again
695,1501858282,What's Brakkin,Maitchh
696,1824178301,Friends Die Younger!!,Carter Lovesee
697,1824178954,Worth It,Carter Lovesee
698,1824178950,Spend It,Carter Lovesee
699,1824178297,Rental,Carter Lovesee
700,1904661831,"[Beat] I need you ""polo G type beat""",Night devil BEAT
701,1902890944,"[Beat] Mafia ""Lil baby type Beat""",Night devil BEAT
702,1902836309,"[Beat] Moonlight ""21savage type Beat""",Night devil BEAT
703,1902710294,"[Beat] Street ""NLE choppa type Beat""",Night devil BEAT
704,1902686894,"[Beat] Evil ""Lil baby type Beat""",Night devil BEAT
705,1900832852,【Beat】Black“Asap Rocky type beat”,Night devil BEAT
706,1865902518,Get Rich or Die Tryin'{BoombapRapBeat},LocSTA
707,1429197670,"Boombap Type Beat ""Morality""",G23
708,1439767083,"【Free】""吹""BoomBap Type Beat",cLoner23
709,1894874479,【FREE BEAT】''Love Yourz'' J. Cole type beat,JestonBeatz
710,1419529775,孤独,巴顿
711,1462923102,午夜伤心电台,艾热 AIR
712,1460489987,天上的星星不说话（翻自 KOZAY/Rarpid望江晴）,桃茸
713,1430395316,困意,卓伟ByrneH
714,1433546720,朝阳广场Pt.2,卓伟ByrneH
715,1462159648,进退两难(live)（翻自 G.G(张思源)）,Puzzle陈俣欹
716,1458364520,Big Boy,野原新之木
717,1375640677,官方回答,OWEN欧阳子文
718,1411117172,没有你的圣诞（Prod.CDY）,野原新之木
719,1462145480,脑袋有 (Live)（翻自 JD）,C6060-9
720,1847687482,TAKING SHOTS,120SEVEN
721,1856395399,NIGHT DRIP CATCHER,SKINNY JONES
722,488267864,BETTA WATCH OUT,SOUDIERE
723,1861296142,GIVE A CHANCE,TAKATASHAWTY
724,1841403977,The Come Up,Katebi
725,1859834402,Lonely North Wind (feat. Necroez),Inteus
726,1869516244,Lotus Wolf,Sinner Circle
727,1860542436,Smoke N Choke,C1MA
728,1883304345,SHAKE IT,Roudie J.
729,1849259615,PONY FLIP,Hashy
730,1896483145,Meiko-给你 (Im In Love) Remix（ty）,炬
731,1904556134,天选,王以太
732,1894304892,装fengM窍(马思唯 ),Clearlove7777
733,1899515652,马思唯-尖子生（Beatbox Freestyle）,海尔 马思唯 CDC
734,1903409417,WDFA（马思唯dzno朴宰范）,晨晓
735,1426022021,Where You At,马思唯
736,1812671441,CEO LOVE(손만 잡을게 REMIX),LeeHX李鸿翔
737,1901606197,二环高架,Drunker
738,1885509643,Underground,Drunker
739,1896651893,有模有样,YOUNG20021119
740,1437030883,Love Yourself,艾志恒Asen
741,1894703169,繁星妥瑞斯,艾斯猴子
742,1902120092,Already Dead,Juice WRLD
743,1901605942,Crazy Wolf,Crazy C
744,1901845568,神罗天征しんらてんせいFt.佩恩（天道）,BOBBYNOPEACE
745,1901842762,富二代 Ft.MiggTakeYourRoom,BOBBYNOPEACE
746,1901879191,堕落街Down Street,BOBBYNOPEACE
747,1901878070,失乐园,BOBBYNOPEACE
748,1901880809,废话Damn Right Ft.Bambii斑比,BOBBYNOPEACE
749,1891750925,ball w/o u remix,KIV
750,1892240179,Capper-Huzzah!(Live),CoolLisa_m
751,1903127690,蒙着眼睛走,酷酷的骚骚
752,1898314914,Fade To Black（来自Buzzy）,Fade To Black
753,1886991516,1V5,Hiphop
754,1887893145,clot.45,Hiphop
755,1899160974,梦幻联动-我心中有些事 11.27 （aka相柳 remix）,aka相柳
756,1889199199,yee 会好的 live,aka相柳
757,1885131488,纽约到巴黎_1,Bu
758,1884975388,round2-(肖恩恩&mercy diss melo),jug_gap
759,1885965938,1992上-（艾福杰尼）,jug_gap
760,1371516993,美杜莎,慕斯塔法
761,1408437478,Mamacita,慕斯塔法
762,1893870774,Faded,慕斯塔法
763,1446520313,Baby,Mardan·omar
764,1426022014,没有人会不爱音乐,马思唯
765,1898637339,咖啡喝喝,SABADOCITYBOY
766,1433537418,葡萄架下的篝火,艾福杰尼
767,1813843370,不要过来跟我跳舞,龙泽宇
768,1335969675,今天 & 明天 （Cover Bad bunny）,GalipWulam
769,554380484,Melevlev玛勒芙勒芙,Matzka玛斯卡
770,1887278795,Rich Nigga Shit (with Juice WRLD),Young Thug
771,1894119297,Already Dead,Juice WRLD
772,1496468360,Dark Place,Lil Juice
773,1860971102,Last Message,Juice peep
774,1845573254,To Deep In,Sinorix
775,1845573257,Plus & Minus,Sinorix
776,1845573255,Out Of Place (Cursed),Sinorix
777,1847904844,Lullabies,1Htxr
778,1845573760,My Confessions,Sinorix
779,1822670033,Juce Wrld Two Perkies (Yummy Mix),Donald Ganim
780,1850225082,而立,刘悦spam-生番
781,1850219401,那一首歌,刘悦spam-生番
782,1850219403,Much Love,刘悦spam-生番
783,1850225080,To My Mom,刘悦spam-生番
784,1850225079,舍得,刘悦spam-生番
785,1850225081,画画儿,刘悦spam-生番
786,1327069428,贰叁柒,刘悦spam-生番
787,1353537237,红气球,刘悦spam-生番
788,1850219408,蓝气球,刘悦spam-生番
789,560786355,歃血为盟,丹镇北京
790,1890455320,Do it like this,Leyon B
791,1890455319,Get Low,Leyon B
792,1882688050,秩·序（Live）,阿斯巴田ASPT
793,1873162243,沦陷,达芬奇
794,1868188963,黑曜石,0-100
795,1864554578,Not Nice Cypher,Mai
796,1863450033,放纵,Leyon B
797,1863450032,对你说,阿斯巴田ASPT
798,1863450031,蝴蝶,Cas14
799,1863447042,秩·序,阿斯巴田ASPT
800,1497607674,[FREE] BOOMBAP TYPE BEAT,广西说唱之帝
801,1466539249,"【Sale】""FQ!"" BoomBap Type Beat",玩具士兵
802,1869745024,"Free Sad NF Type Beat - ""Change""",EVO MUSIC
803,1488737940,"【Free】""极致炫技""Diss Freestyle Type Beat""Eminem x NF""",DIVINE MUSIC
804,1823356477,"【Free】""极致对抗""Diss Freestyle Type Beat""Eminem""",DIVINE MUSIC
805,1481003314,"【Free】""极致炸裂""Diss Freestyle Type Beat “Eminem”",DIVINE MUSIC
806,1347784089,救赎,SamueWang
807,1873960795,“Vlone” // Trippie Redd × Sofaygo type beat,Xxankid
808,1871892159,[Free]''Recharge''-''NBA YoungBoy Type Beat'',Roccky
809,1498914345,"Jazz Melody Boombap Type Beat ""CONTROL""",COAST MUSIC
810,26807427,Gangsta Rap Made Me Do It (Instrumental),Ice Cube
811,427942006,Juicy (Remix Instrumental),The Notorious B.I.G.
812,1433929779,梦里飞,NB Liu
813,1302642122,白痴,武昌龙
814,435306326,Wei Cheng (围城）,YEHAIYAHAN
815,33984988,Bumbaclot - Outro,龍胆紫/PurpleSoul
816,21927527,Caravan of Love,The Isley Brothers
817,19074798,On My Block,Scarface
818,4177783,Hell on Earth (Front Lines),Mobb Deep
819,21187898,Welcome Back (Main),Mase
820,1900374747,thomeboydontkill,thomeboydontkill
821,1896445456,TOO BLESS3D,Mula Sakee
822,1895385833,暴雨,TOYOKI
823,1892852501,主角,艾志恒Asen
824,1891750925,ball w/o u remix,KIV
825,1885800438,刘华强 Liu Huaqiang（prod by brokeboiishawty）,mac ova seas
826,1882152364,陷阱丛林,Khunsa
827,1882152366,超狗任务,Khunsa
828,1876412616,Don't Touch My WHOOSIS,thomeboydontkill
829,1873633641,LOSE U,Mula Sakee
830,1902042807,@Hero,Mood
831,1901759663,@Aromor,Mood
832,1895967973,【Free Beat】“暴雨”TOYOKIxPop PUNK Type Beat,梅川业
833,1444301702,"Icytwat X Playboi Carti Type Beat ""Never""",Bvtter
834,1894567322,Yale,CXDI_JUICE
835,1893066701,Cartier,CXDI_JUICE
836,1806955863,FREE“WLR”-Playboi Carti Type Beat,Bubbleboy
837,1848581359,[FREE]Art Dealer + Playboi Carti Type Beat,四火0626
838,1893410008,@StarRager,Mood
839,1888672713,FA!RY,YvngRiva
840,1901389071,从东到西,ɔ:
841,1883689911,说唱听我的2 说唱推荐官CYPHER (Live),Alan Joker
842,1870303961,KEY.L刘聪、Don Caine $aint Laurent AK——现状lately（live）,Alan Joker
843,1893883770,一出现就很狂 2,Person
844,1900949132,Wrong Side（弹壳）,谢烦烦
845,1900940107,挥霍 (弹壳 ICE),谢烦烦
846,1384719265,818,金熙宇
847,1894316939,最渣男主角,Shooter
848,1378608437,NEVER FADE LOTUS,合肥之子
849,1868850975,飘散的炮灰,RQproducer
